model,station,step,limit_mode,RMSE_sum,RMSE_direct,MAE_sum,MAE_direct,R2_sum,R2_direct
xgboost,XS,1,no_limit,18.487327713090583,20.512076862921827,13.040691833836561,13.98319069724319,0.9713922820390574,0.9647828500546556
xgboost,XS,1,with_limit,18.313980771405454,19.372312018645502,12.971043782934034,13.546883694847391,0.9719262489930557,0.968587836685854
xgboost,XS,2,no_limit,29.184138460994426,31.77756683025827,20.666489181851002,21.89002831693469,0.9287099876045338,0.915476744212445
xgboost,XS,2,with_limit,28.61664152650586,30.610195837337333,20.296794361371845,21.40995151299639,0.9314555552913696,0.9215727201635415
xgboost,XS,3,no_limit,36.77264454772908,39.85165068100194,26.25457927327643,27.7107249835522,0.8868491687288471,0.8671074450753176
xgboost,XS,3,with_limit,36.11615584525547,38.04837190665883,25.932946647669073,26.887799489330266,0.8908531872772951,0.878862061875574
xgboost,XS,4,no_limit,42.92502326093659,45.729729934397795,30.98930775728825,32.34509118391333,0.845819624282113,0.8250131978943629
xgboost,XS,4,with_limit,42.21175243332858,43.87996924712806,30.537183291497044,31.374440654694684,0.8509009809740282,0.8388832657552344
xgboost,XS,5,no_limit,48.045015062428696,50.50250091126699,35.06056948118844,36.034560251050564,0.8068455629256472,0.7865806506188908
xgboost,XS,5,with_limit,47.62385232831157,49.50378699626393,34.79034689665134,35.490021287623115,0.8102171050498432,0.7949381514680607
xgboost,XS,6,no_limit,53.033281053965794,55.75258694265356,38.960526574392645,40.40400512406435,0.764654978898488,0.739901367670982
xgboost,XS,6,with_limit,52.671188764665175,54.63061677980665,38.69258996234406,39.481551213427444,0.7678577112761292,0.7502645305406456
xgboost,XS,7,no_limit,57.981134377925706,60.79183990745271,42.78018706319764,44.05089329510834,0.7186924184051712,0.6907579120274266
xgboost,XS,7,with_limit,57.44469630768362,59.5894823078765,42.49325058063033,43.2461119300394,0.7238736215631518,0.7028694914971675
xgboost,XS,8,no_limit,62.54246917110013,65.19899576711292,46.30216566108374,47.48070847714286,0.67277077287718,0.6443819032170757
xgboost,XS,8,with_limit,62.200354527968386,63.93188008228885,46.209294237536945,46.76230176055829,0.6763409459825326,0.6580701681981742
xgboost,XS,9,no_limit,66.43455849822409,68.73468867045987,49.169235161215106,50.035958677963876,0.630775809806662,0.6047662890440406
xgboost,XS,9,with_limit,65.87269411951969,67.43927605101379,48.815517596847286,49.24974815448276,0.6369947616095124,0.6195234986525349
xgboost,XS,10,no_limit,70.25885677757014,72.72889881148357,52.0031327832184,53.14978555103448,0.587043603034598,0.5574971580990931
xgboost,XS,10,with_limit,69.72195245813471,71.27623679815146,51.56710781891626,52.232300081576355,0.5933309501540118,0.5749974221193453
xgboost,XS,11,no_limit,73.88679158086362,76.25668425802623,54.66311493763547,55.759573794220046,0.5432951148137652,0.513527969680227
xgboost,XS,11,with_limit,73.6086265311382,74.73951637135913,54.38323908311987,54.856408950311994,0.546727398146861,0.5326926553948936
xgboost,XS,12,no_limit,77.69472622552416,81.31843044329229,57.33662250479475,59.21640141819377,0.49500727496681973,0.4468027462884778
xgboost,XS,12,with_limit,77.21489961301536,78.97847248465246,57.08364129162562,57.97288985760263,0.5012254762598045,0.4781814664722327
xgboost,XS,13,no_limit,80.98886743558191,86.85656086855701,59.72549296461892,62.89181092687253,0.451317785980602,0.368932972479029
xgboost,XS,13,with_limit,80.54378583415618,82.62845107038115,59.661774372043354,60.844433240275954,0.45733187981120826,0.4288772577011226
xgboost,XS,14,no_limit,84.15674448719723,90.7963079937766,62.15352850275953,65.79438559047307,0.40755493696710066,0.31038514244580206
xgboost,XS,14,with_limit,83.70398219804845,85.95897629987414,62.130249844053886,63.301024437713544,0.41391248392795965,0.3819086007150303
xgboost,XS,15,no_limit,87.16992387257771,94.06302612229831,64.5771729911958,68.1385603468791,0.36437120336423845,0.25986980274028537
xgboost,XS,15,with_limit,86.68815612978226,89.54224716507609,64.55918492591984,65.94950866898817,0.37137773081981806,0.3293032382035327
xgboost,XS,16,no_limit,89.55266861357516,96.18494994732315,66.38814849911302,70.1070860220105,0.3291471099237564,0.22610065770826238
xgboost,XS,16,with_limit,89.16332871258747,91.90875466327103,66.4547704913272,67.7138836413929,0.3349676404875821,0.2933831424142357
xgboost,XS,17,no_limit,91.84124637862865,97.85696223931771,68.00622815399804,71.68883608094612,0.29442080140659266,0.19896094522015528
xgboost,XS,17,with_limit,91.52529355065596,94.70870426875175,68.25014673283508,70.04808606714849,0.29926712677310996,0.24967395654899394
xgboost,XS,18,no_limit,94.46759191340698,100.69780469872151,70.02508853031219,74.14657528110416,0.25338393865031184,0.15165668103637575
xgboost,XS,18,with_limit,93.7148106921592,97.38317368986637,69.91881590088728,72.26179092520539,0.2652356052122863,0.20658668116604373
xgboost,XS,19,no_limit,96.733965907667,103.50108437887596,71.6982995789139,76.34025869855407,0.21713004610284803,0.1037659526220549
xgboost,XS,19,with_limit,96.33425800024422,99.7500577613858,71.81760530696681,74.02671861597108,0.22358636807245047,0.16755039737359823
xgboost,XS,20,no_limit,98.9272743008534,105.4527848257442,73.34834458680184,78.06539470795266,0.18122659950885167,0.0696470371751371
xgboost,XS,20,with_limit,98.7235130041567,101.8923253898155,73.59912481168912,75.81919220387776,0.18459599416694106,0.13141047748645318
xgboost,XS,21,no_limit,100.67624749853731,106.69691278012972,74.86039563481663,79.5784306961551,0.15201986570134185,0.04756500165674293
xgboost,XS,21,with_limit,100.53528407400172,104.16331924314001,74.93355762609268,77.72188367676635,0.15439282859591197,0.09226044620739826
xgboost,XS,22,no_limit,103.08853639861785,108.19307691961346,76.57388168181728,80.76757590959579,0.11089636425972138,0.020666563420895345
xgboost,XS,22,with_limit,102.33272386000759,105.98237844560799,76.19827496184686,79.19466048419324,0.12388582496108103,0.06027893543798202
xgboost,XS,23,no_limit,105.08930655325793,110.2731674127075,78.07001741528731,82.40355758034187,0.0756305187378401,-0.017813587283129095
xgboost,XS,23,with_limit,104.28923839347904,107.71356804845946,77.6283432444773,80.66783577166338,0.08965180030004516,0.02888788875695525
xgboost,XS,24,no_limit,107.01650170835497,111.84434107427583,79.58575781397107,83.71244858527284,0.04141628622689031,-0.047023854464068204
xgboost,XS,24,with_limit,106.15429147411196,109.29630378901577,79.03463636548324,81.8571589886259,0.056800291517721035,0.00013930559635910722
xgboost,XS,25,no_limit,109.01556963918024,113.57766925046525,81.06277495266272,84.99234568290599,0.005269114038262801,-0.07972821495106697
xgboost,XS,25,with_limit,107.98068900873854,111.24627232021976,80.30918999786326,83.29729289953977,0.024065357011084587,-0.03585622600169369
xgboost,XS,26,no_limit,110.76731554392356,115.29884091301216,82.36024960249836,86.46055102495068,-0.02695593055655232,-0.11270087279815288
xgboost,XS,26,with_limit,109.80192158308017,113.09848332069042,81.70029836985536,84.66924392846812,-0.0091330431003529,-0.07063665438959843
xgboost,XS,27,no_limit,112.39770545325858,117.21076594333957,83.37590429661407,87.68507161452993,-0.05741005715211811,-0.14990921379396305
xgboost,XS,27,with_limit,111.61077611582363,114.61093886129012,82.7699930006246,85.87132434990139,-0.04265541283566332,-0.09946317092448353
xgboost,XS,28,no_limit,113.65697801335767,119.04416808938545,84.16670815859915,89.31884329394934,-0.08195123755972245,-0.18694809484898478
xgboost,XS,28,with_limit,113.08995186747609,116.29770130905567,83.59901892532062,87.19766139177902,-0.07118261936188874,-0.13281173775398147
xgboost,XS,29,no_limit,114.81880375159248,120.3191694928687,84.85689413643539,90.08228666849719,-0.10418416467077307,-0.2125094440602595
xgboost,XS,29,with_limit,114.75817977668311,117.12764017549195,84.64051485376523,87.43615988799738,-0.10301846081666532,-0.14903766726579692
xgboost,XS,30,no_limit,116.14756904008995,121.88535751763703,85.61491998865505,91.10539693370602,-0.12988886276561518,-0.24428123045648698
xgboost,XS,30,with_limit,115.80563970727798,118.25989879874383,85.05598715846762,87.96742565616573,-0.12324604677385587,-0.17136025734280236
xgboost,XS,31,no_limit,117.46486086164472,122.94775966166283,86.43242745754686,91.79304550489971,-0.15566355101599894,-0.26606708398036893
xgboost,XS,31,with_limit,117.36974655035716,119.78616580281803,86.07287460700428,88.80209778868793,-0.15379276788393192,-0.20179061104965546
xgboost,XS,32,no_limit,118.63603198352911,123.82513849692177,87.27319723613944,92.2488812858928,-0.17882327949885557,-0.28420135467706964
xgboost,XS,32,with_limit,118.52540148796268,120.58209215041634,86.86934147004276,89.48306951476486,-0.17662575156970894,-0.21781440959507647
xgboost,XS,33,no_limit,119.88328925646721,124.47562212688312,88.21076147036185,92.96079739421052,-0.20457659875630818,-0.29863090037607454
xgboost,XS,33,with_limit,119.62880242913229,121.4932705361807,87.70439683697369,89.85602633302632,-0.19946790496528788,-0.23714774487786427
xgboost,XS,34,no_limit,120.84020360176675,124.31375787698796,89.02122198424343,92.6429914405921,-0.22388332608202766,-0.29525569737721336
xgboost,XS,34,with_limit,120.65494371780815,122.3971105259058,88.27270798450658,90.48367571032895,-0.22013353633353838,-0.255623548866184
xgboost,XS,35,no_limit,122.09417919390071,124.57321832557307,89.92839165996712,92.76379817611841,-0.24941593481658986,-0.30066810450613324
xgboost,XS,35,with_limit,121.8233869387977,123.60554788300458,89.12528926756579,91.54201460868423,-0.24387993026791333,-0.28053970617337143
xgboost,XS,36,no_limit,123.03828010733966,125.90790052588292,90.69909634667765,94.06209936394737,-0.2688130150212247,-0.32868822409943976
xgboost,XS,36,with_limit,122.98036291194362,124.50267910533994,89.94555711493422,92.02222079881578,-0.2676187721339305,-0.299195522532955
xgboost,XS,37,no_limit,124.0402043555776,126.56955888751095,91.32174623282894,94.48404751065789,-0.28956152612679276,-0.3426896909990407
xgboost,XS,37,with_limit,123.69243893625409,125.5773353207184,90.4694562225,92.77371227348685,-0.28234070223816987,-0.32172056725731935
xgboost,XS,38,no_limit,125.05098262907919,127.43777912115439,92.17977018295491,95.33858792411976,-0.3115166073044522,-0.3620591422767978
xgboost,XS,38,with_limit,124.5063873656524,126.37425743083483,91.04428188956892,93.45943897249094,-0.30011820879176376,-0.3394200952075985
xgboost,XS,39,no_limit,125.61253244658708,127.68599536482267,92.37107805728859,95.16197956479105,-0.32332196071568364,-0.367370196158868
xgboost,XS,39,with_limit,125.12004809698085,126.54362826097072,91.76013841572885,93.55984488331687,-0.3129657046242489,-0.3430127685840756
xgboost,XS,40,no_limit,126.45357974019886,128.21270630082878,93.02484865728857,95.94199958157289,-0.3411020712905952,-0.3786744003834206
xgboost,XS,40,with_limit,126.0375584433982,126.84815825042008,92.584699239026,93.68101953945377,-0.33229236802626905,-0.3494845252220409
xgboost,XS,41,no_limit,126.77706522516543,129.1582603538367,93.07830646169793,96.57410753287267,-0.34797229116365447,-0.39908451723504745
xgboost,XS,41,with_limit,126.67422369864912,127.80947426265875,93.0338548869365,94.48658747298454,-0.3457862285573119,-0.3700161089451057
xgboost,XS,42,no_limit,127.22936909931538,129.57186447936667,93.30522381615664,96.76729001197762,-0.3576077988588635,-0.4080594548191534
xgboost,XS,42,with_limit,127.54127738557342,128.8499593692982,93.55568360296151,95.05079662764068,-0.36427242632416856,-0.39241325471855304
xgboost,XS,43,no_limit,127.55877321584123,130.3245774137104,93.15766812179066,97.14914333225806,-0.36562720305173935,-0.42548989290148054
xgboost,XS,43,with_limit,128.1201296923566,129.1232057435241,93.89800758867676,95.05087116109283,-0.37767326586274774,-0.3993298264755212
xgboost,XS,44,no_limit,128.0203759611443,130.69611042132402,93.54308339377882,97.26736973449637,-0.3755288011549065,-0.433629132340533
xgboost,XS,44,with_limit,128.57089032145407,129.69541825459646,94.1965502433838,95.4091614142199,-0.3873843595443123,-0.41175963288722284
xgboost,XS,45,no_limit,128.0015548684274,130.7994565896584,93.31296892267939,97.21670641948651,-0.3751243803452242,-0.435897274138225
xgboost,XS,45,with_limit,129.06564917752635,130.03593318689212,94.76060889710334,95.76894432962474,-0.39808260420299413,-0.41918250585562755
xgboost,XS,46,no_limit,128.17794926355324,130.42336681129925,93.63036217811059,96.55650747182355,-0.37891701189754157,-0.4276518283465076
xgboost,XS,46,with_limit,129.23117866811637,129.75518524757916,94.89777975852535,95.37680669104672,-0.4016710462994806,-0.413061083172372
xgboost,XS,47,no_limit,128.36559248729287,130.36179214080846,93.81440517396314,96.78543510645162,-0.3829572360767268,-0.42630411831638026
xgboost,XS,47,with_limit,129.59542024152427,129.86357842227306,95.38933740319288,95.5136882542462,-0.4095834768391191,-0.41542291790782504
xgboost,XS,48,no_limit,128.5011268438162,130.2608901944046,93.96203532891012,96.4866342523543,-0.3867948571463933,-0.42503796222460144
xgboost,XS,48,with_limit,129.916579712891,130.07446869393397,95.62231623078696,95.82387831261113,-0.417514490725559,-0.42096202480195055
xgboost,XS,49,no_limit,128.59187553486487,130.21271786046498,94.2446237210405,96.30812753915048,-0.388754283639954,-0.4239841584144768
xgboost,XS,49,with_limit,130.2704359804861,130.57963871517575,95.97638479861705,96.29729296358248,-0.42524682930599456,-0.4320206335529344
xgboost,XS,50,no_limit,128.6281391707528,130.56892093505923,94.40365419703654,96.62030396885085,-0.3895376672021431,-0.4317855670058064
xgboost,XS,50,with_limit,130.42531736219263,130.52804099927863,96.10370458409616,95.89467098333883,-0.4286378584423507,-0.4308891494080531
xgboost,XS,51,no_limit,128.67984754596597,130.53619310874993,94.47141365176161,96.23626354178467,-0.3906550770860362,-0.4310678869292559
xgboost,XS,51,with_limit,130.91327900242987,131.22558970573607,96.6938267500494,96.91496990991108,-0.43934781198497186,-0.44622350755438234
xgboost,XS,52,no_limit,128.8715292986755,131.00534106930107,94.7624524955219,96.78335812064539,-0.3948012078782577,-0.44137290718933864
xgboost,XS,52,with_limit,131.05139629968107,131.0437730300333,96.78497659611457,96.50145623457361,-0.4423865212797071,-0.44221871869403295
xgboost,XS,53,no_limit,128.74470738715542,130.7589966810124,94.87698326297759,96.35042594413703,-0.39297407548467866,-0.4369029089298686
xgboost,XS,53,with_limit,131.53478062059082,131.54150965941477,97.1858875162714,96.97731810322792,-0.454003575407397,-0.45415234665601134
xgboost,XS,54,no_limit,128.89569826136176,132.0372853043912,95.06699441202241,97.7788771737154,-0.3962433315544658,-0.4651343082659627
xgboost,XS,54,with_limit,131.70890477523014,131.6918223788102,97.56799236492095,97.38311527615282,-0.4578557081838093,-0.4574775704384024
xgboost,XS,55,no_limit,128.95357379754975,132.30718125204584,95.2631035867589,98.01635411310937,-0.39749746919368856,-0.47113015955280635
xgboost,XS,55,with_limit,131.52870052120025,131.3895087741494,97.33469513023715,96.93323311574441,-0.45386915800253314,-0.4507936389879057
xgboost,XS,56,no_limit,129.07935002914454,131.7590563485487,95.38697483050066,97.68607408840579,-0.4002249265363895,-0.45896615212135616
xgboost,XS,56,with_limit,131.66342452207564,131.31399493257763,97.38328002187087,96.77530125737813,-0.4568490609997726,-0.44912648124279686
xgboost,XS,57,no_limit,128.93529422457243,132.2032744681659,95.42652556485507,98.0494123588274,-0.3971012979882993,-0.46882037745292693
xgboost,XS,57,with_limit,131.57863192103892,132.00577670064925,97.05494983412385,97.58230054953887,-0.4549732136360034,-0.4644351295749112
xgboost,XS,58,no_limit,128.69586493254474,132.24053706621854,95.20421301726523,97.98875135861616,-0.39278331457430826,-0.47056280796239847
xgboost,XS,58,with_limit,131.48049930863903,131.2936902986759,96.93081517212521,96.54440389304777,-0.45370759240372327,-0.4495796379813213
xgboost,XS,59,no_limit,128.94613028677165,131.24079815128584,95.37170805004943,96.83208947558485,-0.39820546740703144,-0.4484119362278365
xgboost,XS,59,with_limit,131.72658159814608,131.4834480550214,97.08510905383855,96.62218469304779,-0.45915427787298935,-0.4537727984699482
xgboost,XS,60,no_limit,128.8925253180237,131.7512626152627,95.17987309337725,97.06956327690281,-0.39704319629269924,-0.45970111944598835
xgboost,XS,60,with_limit,131.16351938699785,131.62281495356473,96.46384059024712,96.48031750227346,-0.4467066962144357,-0.4568563072608165
xgboost,XS,61,no_limit,129.286057993892,131.3720462345497,95.50834682714992,96.35146615630973,-0.40558708103978236,-0.4513103694743117
xgboost,XS,61,with_limit,131.45816940359614,131.59301583329847,96.55968623604613,96.19252400474466,-0.45321385536804426,-0.45619672370735187
xgboost,XS,62,no_limit,129.42798747247593,131.12572891873708,95.59306672533772,96.13104937542012,-0.4086748655452346,-0.44587317409168414
xgboost,XS,62,with_limit,131.199601268177,131.97307703365578,96.37769688398681,96.91713700079079,-0.4475027571803907,-0.46462031803675163
xgboost,XS,63,no_limit,129.0681302903253,131.02540139664688,95.09696479907713,96.14574528721161,-0.40157477224646465,-0.4444058271483604
xgboost,XS,63,with_limit,131.51033121687232,131.14647019579382,96.50993068569545,95.53844374337508,-0.45511721012116646,-0.4470763516280485
xgboost,XS,64,no_limit,128.98752843767767,131.06757824419768,95.08007938048779,96.02439511911668,-0.39982477790157955,-0.4453358802345917
xgboost,XS,64,with_limit,131.46382024316023,132.50659122195796,96.30236141212922,96.94776725161503,-0.4540881358309008,-0.47724727536718525
xgboost,XS,65,no_limit,129.02941353900792,130.9395639642815,94.9006595838497,95.85591065339484,-0.4007340335931706,-0.44251392719745986
xgboost,XS,65,with_limit,132.00169986065904,132.37528671844422,96.56237052682926,96.48938651067895,-0.4660111787806456,-0.4743210342874504
xgboost,XS,66,no_limit,129.37811358370908,131.99669594214393,95.01983987027027,96.34187962109428,-0.4083151889623782,-0.46590003382651335
xgboost,XS,66,with_limit,132.10160752195074,133.33155100941326,96.51482697475278,97.02556880665789,-0.46823116800747266,-0.49569863216057986
xgboost,XS,67,no_limit,130.25552874678277,132.38304328424638,95.53812098892551,96.45796135774555,-0.4274817561348505,-0.4744938158305545
xgboost,XS,67,with_limit,132.56269233468143,133.14379024212752,96.5578992895188,96.65088824304547,-0.4784984245991366,-0.49148903912212205
xgboost,XS,68,no_limit,130.02926753437967,132.4260597571534,95.35497058931752,96.50020517784372,-0.4231670889193855,-0.4761162933325216
xgboost,XS,68,with_limit,132.44909255723684,133.6672838066322,96.35048730379162,97.01294252106825,-0.47662981836330887,-0.5039171290954416
xgboost,XS,69,no_limit,130.12126594156254,132.88142188485938,95.5492246888889,96.90863890187934,-0.4251816418788814,-0.48628533588476675
xgboost,XS,69,with_limit,132.2633472759628,133.6086079577021,96.17332771625453,97.10765759459281,-0.4724911007023014,-0.5025970716567929
xgboost,XS,70,no_limit,130.0105339700363,133.24064112816734,95.65039927477746,97.32134176702937,-0.42275704167099026,-0.49433196779082533
xgboost,XS,70,with_limit,132.68393837272356,132.9851965335253,96.5334078560501,96.26484404925816,-0.4818708927368742,-0.48860769160997175
xgboost,XS,71,no_limit,130.35607262827378,133.3857808434191,95.89977210827563,97.6151817798879,-0.43032982594325353,-0.4975893079308267
xgboost,XS,71,with_limit,132.46229799088746,133.36464027216599,96.31146002733266,96.56186187715132,-0.4769242788052406,-0.4971146338785688
xgboost,XS,72,no_limit,130.14197134762597,133.70653991565084,95.76540580395647,97.98029781153974,-0.4256352389475353,-0.5048006153514408
xgboost,XS,72,with_limit,132.11106510354023,133.6870703183811,95.89315228005276,96.9176627647214,-0.46910233031863746,-0.5043624059882281
xgboost,XS,73,no_limit,130.31663699703302,133.51038971313423,95.8817235087071,97.9032107385884,-0.43021380163718614,-0.5011751414610455
xgboost,XS,73,with_limit,131.89555635350774,133.57112731347917,95.82194569736147,96.740326833905,-0.46508076048724867,-0.5025413050329222
xgboost,XS,74,no_limit,129.80425412267542,133.26858231683053,95.58065594835091,97.55265757005279,-0.41898919640792087,-0.4957423577858162
xgboost,XS,74,with_limit,131.78297217798135,133.90171128402932,95.62480781263193,97.1231841139182,-0.46258068365767135,-0.5099879854372433
xgboost,XS,75,no_limit,129.73689421393712,134.10398708584873,95.55216695032982,98.39892184478892,-0.417516853567361,-0.5145534943662273
xgboost,XS,75,with_limit,131.45937239424484,133.84001064278831,95.32726873545515,97.11145147704485,-0.4554066202665976,-0.508596729705165
xgboost,XS,76,no_limit,129.56380564024502,134.30943082148838,95.45646212974933,98.5308094114116,-0.413737014363885,-0.5191975601462984
xgboost,XS,76,with_limit,131.5145182386683,133.3035050318705,95.38186140596964,96.60217955620053,-0.4566279323667992,-0.4965263719518713
xgboost,XS,77,no_limit,129.22394865594572,134.3878769085759,95.16352153987468,98.56628837084433,-0.40633003459826056,-0.5209727133379831
xgboost,XS,77,with_limit,131.70812105589556,133.62581376953895,95.69693963901716,97.08886300013192,-0.46091969949496225,-0.5037718925316224
xgboost,XS,78,no_limit,128.9913623991494,133.68142490960332,94.87407915684594,98.00448223404815,-0.40159400011863067,-0.5053694641214166
xgboost,XS,78,with_limit,131.13326161143976,132.42593351868862,95.17782185496534,96.17791626869018,-0.44852734065903266,-0.47722638620344515
xgboost,XS,79,no_limit,128.50157777831294,133.2219754594532,94.3917284930386,97.4011986190696,-0.3909704067139097,-0.49503964271390477
xgboost,XS,79,with_limit,130.5823816428057,131.4773402210471,94.78192003675355,95.3177937774332,-0.43638261712495274,-0.45613885201664583
xgboost,XS,80,no_limit,128.65179123472325,132.53710876345679,94.51810078535136,97.0302119021445,-0.39422429042604445,-0.47970777242351303
xgboost,XS,80,with_limit,130.25307978280338,131.82168087832818,94.68962888399867,95.8376437121082,-0.4291472297333341,-0.4637761285989781
xgboost,XS,81,no_limit,128.16143684643964,132.1769363704444,93.94501806826129,96.69181106776642,-0.3836164146252883,-0.471676425685581
xgboost,XS,81,with_limit,129.6224664821109,131.05749121049107,94.32127055456945,95.353658056549,-0.41534244903312234,-0.4468538706788807
xgboost,XS,82,no_limit,127.74111656636624,131.54506640014233,93.78047481850874,96.39665506644673,-0.3745558359808112,-0.45763940139786063
xgboost,XS,82,with_limit,129.85336096440602,131.89696061647527,94.69785854493566,96.35605198231607,-0.4203891948346594,-0.4654484505863581
xgboost,XS,83,no_limit,127.47665276865213,131.41029634929936,93.5882344610231,96.37919597735973,-0.368804652203472,-0.45458451240744946
xgboost,XS,83,with_limit,129.5030599754322,131.51163402266224,94.54615391465346,96.18837484831683,-0.41266839945190203,-0.4568287969121132
xgboost,XS,84,no_limit,127.19107136578204,130.5826665625677,93.45915808049504,95.53587426349834,-0.3626785533624939,-0.4363200914222032
xgboost,XS,84,with_limit,129.38562705893753,130.48916224586057,94.54500956415842,95.42147635986798,-0.41010755564980084,-0.43426386070754663
xgboost,XS,85,no_limit,126.29780606809399,130.58484663049086,92.89588403132014,95.83986193247524,-0.34360553001597527,-0.4363680503371088
xgboost,XS,85,with_limit,129.17489063898273,130.5970659420986,94.66004933759076,95.73892644105611,-0.4055178802004251,-0.43663687555564956
xgboost,XS,86,no_limit,125.93063352067226,129.91379996179236,92.71862274848185,95.34692055326732,-0.3358046351387054,-0.4216436246083728
xgboost,XS,86,with_limit,128.41403944677214,130.33771864453976,93.9632553950165,95.44333746910891,-0.3890094001042905,-0.43093662593453663
xgboost,XS,87,no_limit,125.46984591653082,129.0426843739506,92.59359607660068,94.83795977537953,-0.326046944190461,-0.4026423495302538
xgboost,XS,87,with_limit,128.08326648534717,129.89380715005225,93.93159863280528,95.06719770343236,-0.38186290699610304,-0.4212060965500084
xgboost,XS,88,no_limit,125.08526976732173,129.02769071762796,92.27729058316277,95.06794132631232,-0.3178598670107773,-0.4022412624977669
xgboost,XS,88,with_limit,128.53842491681004,129.88230978533485,94.61190558540773,95.1822341364807,-0.39162698391413286,-0.4208783608611735
xgboost,XS,89,no_limit,125.26316411911593,128.6008158313435,92.66715031261143,95.0175553735226,-0.321611012698779,-0.3929782678141436
xgboost,XS,89,with_limit,128.21192808993644,129.93646318334098,94.39611694308354,95.56183868616705,-0.3845662977582942,-0.4220634557737335
xgboost,XS,90,no_limit,125.31938295322787,128.17743493999873,92.82048059537802,94.94647826424563,-0.3227975722721941,-0.38382141185899843
xgboost,XS,90,with_limit,127.8611635408691,130.09560239316508,94.22267373367447,95.93034245374712,-0.3770008169804935,-0.42554892294563884
xgboost,XS,91,no_limit,125.50362303836675,128.23478501658408,92.81047851317265,94.89669343657972,-0.3266898909252318,-0.38506000769152204
xgboost,XS,91,with_limit,128.0248560324015,130.02775093388183,94.55901272446353,96.12722717213603,-0.3805288465080461,-0.4240623184905372
xgboost,XS,92,no_limit,125.16616068702197,128.59639663219875,92.54527433027401,95.1830304065368,-0.31956490176329133,-0.39288253369984316
xgboost,XS,92,with_limit,128.5217255533673,129.5606580765731,95.14200992169032,95.77708449831628,-0.3912654145981289,-0.4138495046323658
xgboost,XS,93,no_limit,124.96486176221362,128.4823866309021,92.45297668408189,95.16452495488772,-0.315048685606679,-0.3901228941545538
xgboost,XS,93,with_limit,127.59587480325268,128.96891517535218,94.5817085940885,95.33818312595773,-0.3710057395589059,-0.4006708771929737
xgboost,XS,94,no_limit,124.99862200911616,128.73688211415293,92.41049925706739,95.3937527649934,-0.315759323216388,-0.39563540660670693
xgboost,XS,94,with_limit,127.8183197570145,129.3898231466747,94.72091857130118,95.63946205825627,-0.37579020688187703,-0.409828364197383
xgboost,XS,95,no_limit,125.21933778886739,128.66890675131526,92.75576475095774,95.35037033797886,-0.32041001831049254,-0.39416195509253504
xgboost,XS,95,with_limit,127.79094568889212,129.9522424151077,94.81365922007926,96.04156446908851,-0.375200980828734,-0.42211121458724743
xgboost,XYA,1,no_limit,16.840534527426964,16.859806834862695,10.410140296209386,10.519518594474105,0.9776384035779472,0.9775871930708988
xgboost,XYA,1,with_limit,17.89682674780859,17.708629629463758,11.241567280255989,11.267286905310142,0.9747452468055442,0.9752735954371228
xgboost,XYA,2,no_limit,27.556656363799362,27.832697777286942,17.50475708705284,17.592489344932723,0.9401251963843889,0.938919628681774
xgboost,XYA,2,with_limit,28.43948796007412,28.49605387024774,18.541750980656385,18.471662703656058,0.9362273290542935,0.9359733901166205
xgboost,XYA,3,no_limit,35.592302823849906,35.901850132637946,22.99913271226855,23.11414648000328,0.9001172510393433,0.8983723296407539
xgboost,XYA,3,with_limit,36.45893976948812,36.58453964882951,24.21626860545962,24.002250987862773,0.8951939432713636,0.8944705924388261
xgboost,XYA,4,no_limit,42.3612455126242,42.502778562990706,27.964702793148394,27.90537800572226,0.8585132559589045,0.85756623454579
xgboost,XYA,4,with_limit,43.534379038625936,43.76769701869908,29.634857309727508,29.466586031526592,0.8505682029528834,0.8489621824318672
xgboost,XYA,5,no_limit,48.1248567755885,48.264793676848704,32.56952558897899,32.36759277407419,0.8173930886062797,0.8163295800973742
xgboost,XYA,5,with_limit,49.38275057619745,49.52348691384069,34.360253684579774,34.01910324836835,0.8077223245548846,0.806624815183586
xgboost,XYA,6,no_limit,53.197722954035086,53.75434826803851,36.621756771579115,36.772952277488514,0.7768666952603076,0.7721728316786913
xgboost,XYA,6,with_limit,54.2658954362951,54.709930806265035,38.44484063684504,38.16501690575509,0.7678160163846682,0.7640007396268671
xgboost,XYA,7,no_limit,57.94895476143184,58.499635620318,40.22804878891333,40.57857215769206,0.7352295432244389,0.7301734796311079
xgboost,XYA,7,with_limit,58.42146654091518,59.14692085490412,42.075278042065,42.18945905710112,0.7308940994609567,0.7241693061633637
xgboost,XYA,8,no_limit,62.093925476283204,62.608905416720326,43.80195155491953,43.6607164824729,0.6960160555926775,0.6909529260517822
xgboost,XYA,8,with_limit,62.3191838704732,62.85950574813996,45.44386981124138,45.423442809829226,0.6938065274285137,0.688473972135863
xgboost,XYA,9,no_limit,65.8761164112212,66.67657531924438,46.824916040042694,46.957785564541865,0.6578564238189676,0.6494911529666763
xgboost,XYA,9,with_limit,65.85892250045656,66.60674341576679,48.40830978996059,48.49978186500164,0.6580350019964162,0.6502249603751364
xgboost,XYA,10,no_limit,69.19987189337729,70.05193769454489,49.60760630332677,49.73305254989491,0.6224599798067219,0.6131053545173772
xgboost,XYA,10,with_limit,69.09926005374155,69.87948882655836,50.97301387741543,51.43980405055172,0.6235570160048372,0.6150078692265406
xgboost,XYA,11,no_limit,72.18242942588067,73.46968357442456,52.27439169485385,52.002015596955665,0.589214217915097,0.5744322075212511
xgboost,XYA,11,with_limit,71.68608593858225,72.7786797200325,53.32906068877833,53.68588602230871,0.5948441156156923,0.5823997410201903
xgboost,XYA,12,no_limit,74.88977774949673,76.35569971351663,54.77629059111001,54.964620154656814,0.5578216271229562,0.540341456678942
xgboost,XYA,12,with_limit,73.95882499637769,75.33290423309224,55.74704231406567,55.709273346775035,0.5687467119232017,0.552573363621766
xgboost,XYA,13,no_limit,77.55333076341415,78.95417522011515,57.16765200825558,57.03565535428055,0.5258228231114217,0.5085380045901711
xgboost,XYA,13,with_limit,76.50193840167101,77.95177213305638,58.07249295947109,57.919490755397504,0.5385925353911026,0.5209380003944678
xgboost,XYA,14,no_limit,79.65949735057542,81.55563197606108,58.894789120969115,58.99000902067346,0.4997180191338597,0.4756181489972937
xgboost,XYA,14,with_limit,78.75394567733501,80.9262895540281,59.95126267510841,60.445745120870576,0.5110275608792545,0.48367994474987386
xgboost,XYA,15,no_limit,81.51837573790826,83.84382275922472,60.69763295723719,61.001631158978306,0.47609713572869516,0.4457804009225653
xgboost,XYA,15,with_limit,80.76712057223783,83.01386978925056,61.9103601877234,62.07104269215834,0.4857089842229124,0.4566983095225061
xgboost,XYA,16,no_limit,83.79059099360337,86.31763227776672,62.659615571790404,63.00700364189554,0.4464839166142808,0.41259346291063115
xgboost,XYA,16,with_limit,83.29427646224794,85.3061374722259,63.89185526101512,64.26261591226347,0.45302174997285793,0.4262795982807377
xgboost,XYA,17,no_limit,85.684973610198,87.9145571105044,64.52041906009526,64.78375966554863,0.42117261222244307,0.3906577069573296
xgboost,XYA,17,with_limit,85.66044162130306,89.01686619470321,65.68551443723062,66.986838967454,0.4215040064849319,0.3752815396810175
xgboost,XYA,18,no_limit,87.68205257136397,90.1860612543911,65.94791269862964,66.58197344197502,0.3938492077383233,0.35873416577016826
xgboost,XYA,18,with_limit,87.51429408895245,91.59097714099829,67.16284741289189,69.01650564144923,0.3961664358897141,0.3385993060382465
xgboost,XYA,19,no_limit,89.47760402437368,91.97924960726573,67.25937898085114,67.96619056948077,0.36876953032521576,0.3329798005423953
xgboost,XYA,19,with_limit,89.77301527879303,93.12507953806956,68.92392466198817,70.41763753037463,0.36459462181006697,0.31625750094270144
xgboost,XYA,20,no_limit,91.1235110482299,93.72898279038003,68.93286829498192,69.66983412189616,0.3453334494739084,0.30736079627229684
xgboost,XYA,20,with_limit,91.6443846002036,94.90362616214706,70.5523557424351,71.63444346136379,0.3378277446800353,0.2898912322990447
xgboost,XYA,21,no_limit,92.67584507210012,95.28667668860037,70.25833845945778,70.99248170158725,0.3228383238071386,0.2841473742933672
xgboost,XYA,21,with_limit,93.56047955281277,96.36193990788972,72.19935777519882,73.21427038676636,0.3098489708827664,0.2679001288707459
xgboost,XYA,22,no_limit,94.2369514918298,96.63822417618461,71.73547480559644,72.25428947187972,0.29983286989082747,0.26369602830092465
xgboost,XYA,22,with_limit,94.66023316300941,98.29274530836109,73.23380719747945,74.96726609626356,0.29352889884189504,0.23826801541418963
xgboost,XYA,23,no_limit,95.79979356800455,97.97017317877396,72.93016087144314,73.33327601049638,0.27633572048791666,0.24317452680153295
xgboost,XYA,23,with_limit,96.2960960571703,99.12670544897668,74.33229316072651,75.51518066993097,0.26881823644109626,0.2252004955960295
xgboost,XYA,24,no_limit,97.07269771341608,98.9854930317727,73.82826460451348,74.30768744376397,0.2569771189544867,0.2274064274610701
xgboost,XYA,24,with_limit,97.05683418230235,100.04493594198837,74.50773933446088,75.92271372976002,0.25721994734520126,0.21077976701136458
xgboost,XYA,25,no_limit,98.28806547461622,99.93680702900218,74.78496599307363,75.10304097893821,0.23825508429454145,0.212484829012755
xgboost,XYA,25,with_limit,97.83123566132792,99.92060193645342,74.88493820707758,75.708262165,0.24531960602537362,0.21274020482328382
xgboost,XYA,26,no_limit,99.33849210832527,101.2118477326677,75.48748214281065,76.11270747071993,0.22188620220797917,0.19226166187203475
xgboost,XYA,26,with_limit,98.20824447657712,101.66192006325032,75.18861682394149,76.4944390486292,0.23949182752647324,0.18506193205571708
xgboost,XYA,27,no_limit,100.33783289626479,102.0115548369591,76.16175479419132,76.97535441779422,0.20615187497747578,0.17944683739017475
xgboost,XYA,27,with_limit,99.16404409912398,101.25015869437938,75.67972785023998,76.41855196644642,0.22461668891930564,0.19165005186842687
xgboost,XYA,28,no_limit,101.25765725336274,102.97528014472523,76.81764481960867,77.60760903582045,0.1913753232300972,0.16370942064236282
xgboost,XYA,28,with_limit,99.87441536165906,101.22662632070504,76.0606750410819,76.73913660076619,0.21331704493205594,0.1918708617153092
xgboost,XYA,29,no_limit,102.3111111470547,103.62289590448981,77.69258376370603,78.28137227620192,0.17446242941844536,0.15315741214819523
xgboost,XYA,29,with_limit,101.0916992577044,102.64694739481813,76.76260746840843,77.66826099471555,0.19402377000209126,0.16903387984858087
xgboost,XYA,30,no_limit,103.1604985330374,104.18908998473023,78.21024372046367,78.80339240872411,0.16069829609519437,0.14387785699731714
xgboost,XYA,30,with_limit,102.45569606381274,104.63884557804687,77.98474510125946,79.1646904271391,0.17212749983180853,0.13647061713029351
xgboost,XYA,31,no_limit,103.73052790163096,105.13808100056656,78.83458856903322,79.62094085989148,0.15139728577663136,0.12821110584080464
xgboost,XYA,31,with_limit,104.30997641028756,105.0495101679434,79.14539196347583,79.61198725647156,0.14189005605904326,0.12967931875820216
xgboost,XYA,32,no_limit,104.59488495587946,105.88376267543025,79.33896996117396,80.09778526271951,0.13719603252680446,0.11580109605819844
xgboost,XYA,32,with_limit,104.59236244033922,106.37786635157275,79.78317542911213,80.49662435446564,0.13723764852308362,0.10752966187566082
xgboost,XYA,33,no_limit,105.44390134640801,106.23754572434163,79.83679145820065,80.51596193583224,0.12275570504938627,0.10950050275485379
xgboost,XYA,33,with_limit,105.55979667542245,106.42910257895443,80.29815229241119,80.64437935951645,0.120826254644814,0.10628628937922546
xgboost,XYA,34,no_limit,105.9678102609491,106.7042232876757,80.40127382333225,80.93139239076645,0.11401669073308085,0.10165979260338598
xgboost,XYA,34,with_limit,105.62186343270787,106.94823466510579,80.45019174438487,80.88049256708224,0.1197920824050619,0.09754644330808093
xgboost,XYA,35,no_limit,106.44318919320959,107.06886753123749,80.61729826938488,80.84709220754276,0.10604969556912491,0.09550943994477878
xgboost,XYA,35,with_limit,106.16212107337137,108.22436433377175,80.5571200453717,81.16442156214804,0.11076449602173011,0.07588140847945601
xgboost,XYA,36,no_limit,106.96939767017074,107.85282294861678,80.84209190096382,81.22408196247699,0.09718925145957169,0.08221563709722757
xgboost,XYA,36,with_limit,106.8556294988536,107.74210296799815,81.14086714241118,80.89217693385855,0.09910861364194956,0.08409903532212915
xgboost,XYA,37,no_limit,107.41295340353408,108.1058380984734,81.19099156181908,81.37075989372697,0.0896865986965043,0.077904470827028
xgboost,XYA,37,with_limit,108.03026418555797,108.41202570651734,81.71245608583224,81.27450668221381,0.07919324505985126,0.07267378104518096
xgboost,XYA,38,no_limit,107.83384650464455,108.58882003359102,81.70646579596247,81.74744170185258,0.08249024013682926,0.0695978046527087
xgboost,XYA,38,with_limit,108.0151341704664,107.52382390288761,81.80294303781837,81.13009401610068,0.07940265630637533,0.08775834243706127
xgboost,XYA,39,no_limit,108.16902872804053,109.16858706984438,82.00653704834814,82.18335914377427,0.07677754552594496,0.059636253846777065
xgboost,XYA,39,with_limit,108.63000479466483,108.88752432737037,82.41658546197104,81.54448325137545,0.06889191874910194,0.0644720951601141
xgboost,XYA,40,no_limit,108.31914419986823,109.04056600824842,82.16248904472853,82.31617296608424,0.0742132969123741,0.061840473581988964
xgboost,XYA,40,with_limit,109.75533664049148,110.4304735511445,83.04024911152682,82.11446297134913,0.04950072293940977,0.037771164098032606
xgboost,XYA,41,no_limit,108.63742313361281,109.26845845655228,82.4535889344949,82.45299740701876,0.06876474373505748,0.057914909044520124
xgboost,XYA,41,with_limit,109.66693918874887,110.73784486344253,82.87976272718987,82.3536008558506,0.051031179331037735,0.03240718908875784
xgboost,XYA,42,no_limit,108.82632853401344,109.26967224106775,82.76035829020401,82.47802560478118,0.06552335029846046,0.057893979040328336
xgboost,XYA,42,with_limit,110.93728735896617,111.24404573238704,83.5644143273873,82.47764018523527,0.028918717627750556,0.023540919531647497
xgboost,XYA,43,no_limit,108.88166553076285,109.52297840666726,82.9784766410237,82.66825428207044,0.06413050725240454,0.05307349966815522
xgboost,XYA,43,with_limit,111.24886565823459,112.014598301877,83.80172782189928,82.78528544006912,0.02299460412670229,0.009498743029084156
xgboost,XYA,44,no_limit,109.07527845825823,109.86176040776222,83.17259827713298,82.96785783671164,0.060799229525639875,0.047206277660935325
xgboost,XYA,44,with_limit,110.9987578827919,112.92417958329051,83.71106377877881,83.54011420932521,0.027382639285903676,-0.006652710974730525
xgboost,XYA,45,no_limit,109.44346968402851,110.35963578888109,83.43351048845624,83.20573648549374,0.05444785214463266,0.03855090157868413
xgboost,XYA,45,with_limit,111.66676194128969,111.66930812890404,84.29307246146477,83.13331689859447,0.015640753506194094,0.015595862943370897
xgboost,XYA,46,no_limit,109.29615867787341,110.45241036281665,83.35787744829823,83.4809456773963,0.05699156711059894,0.03693372474962775
xgboost,XYA,46,with_limit,112.08838626621747,112.59184053958869,84.92013774257076,83.65994068858788,0.008193357033829618,-0.0007362154022383383
xgboost,XYA,47,no_limit,109.40619320180329,110.57440072792348,83.32268274553326,83.75895439694864,0.05509185320542742,0.034805211938735314
xgboost,XYA,47,with_limit,113.992916451442,112.49283709808857,85.98226133769914,84.0981356592923,-0.025797200380981655,0.0010229310748769427
xgboost,XYA,48,no_limit,109.34840313887537,110.89065577292143,83.18365891667106,83.98576170791242,0.055845526780285204,0.029024955266190977
xgboost,XYA,48,with_limit,111.4984487211134,112.19495739799716,85.08897115374712,84.13392813629568,0.018351935158860244,0.006049307558034012
xgboost,XYA,49,no_limit,109.38113221326623,110.60933722759212,83.29849800392822,83.86211826471187,0.05528025237959566,0.03394524009807143
xgboost,XYA,49,with_limit,113.0440950880064,113.95316734755127,85.86145141420153,85.25140320280869,-0.009052883990428917,-0.025347239582883097
xgboost,XYA,50,no_limit,109.53774640054503,110.92607123351797,83.31444104689825,84.33092173359566,0.052572976707881414,0.02840465016621474
xgboost,XYA,50,with_limit,113.4655621106078,113.77799879168907,86.08609400030623,85.45169458114258,-0.016591098412239935,-0.022197339454162135
xgboost,XYA,51,no_limit,109.32501196828245,110.61383350630376,83.29544820774778,84.25670500722094,0.05624941957764307,0.033866698089864755
xgboost,XYA,51,with_limit,115.38759813083688,114.6057604872609,86.68641969770498,86.03502053076392,-0.05132364292578062,-0.03712489540346131
xgboost,XYA,52,no_limit,109.40883337210077,110.53695053754646,83.34564244712875,84.29456399898913,0.05480168454884404,0.03520926763940635
xgboost,XYA,52,with_limit,114.98113454997954,113.76765549093047,86.90208975664474,85.74064531904182,-0.04392991719161432,-0.022011496601415104
xgboost,XYA,53,no_limit,109.39122998950509,110.8074495213471,83.44105576084651,84.72703922263834,0.0548498679395264,0.03021892272731952
xgboost,XYA,53,with_limit,115.71078298305231,114.38910432299245,87.17804118788868,86.24137097461461,-0.057507492247903524,-0.033487211886187085
xgboost,XYA,54,no_limit,109.46934016496427,111.2958990800203,83.41259957952241,84.94424426348156,0.05349962806900488,0.021650307996488705
xgboost,XYA,54,with_limit,112.44984786034198,114.10051191881928,86.00364925162384,87.01816235076745,0.0012574962781066734,-0.028279017888801272
xgboost,XYA,55,no_limit,109.13883599074045,111.20599136156473,83.51232424470686,85.05856523976612,0.059206250486943834,0.023230342134672566
xgboost,XYA,55,with_limit,113.08347570595475,113.85147972659254,86.64324546638011,87.06975034286232,-0.010029561880505522,-0.023795337253545767
xgboost,XYA,56,no_limit,109.01966291867129,111.41120041799816,83.2565755487253,85.14864679938405,0.06125970959923388,0.019622138732014904
xgboost,XYA,56,with_limit,113.98768751384362,113.77921910912194,87.24481319991106,87.20593134977933,-0.026246465927951768,-0.022496160358708606
xgboost,XYA,57,no_limit,108.97022949529998,111.29532809133168,83.32589884269764,84.95994400392951,0.06211083359082559,0.021660346554589927
xgboost,XYA,57,with_limit,113.46388160513112,115.07209694397726,87.17779831651187,88.18165083495717,-0.016836346861238916,-0.045865513559344206
xgboost,XYA,58,no_limit,108.83890549045016,110.85280100491197,83.12839182765404,84.703357290257,0.06432852438830094,0.029381865940547813
xgboost,XYA,58,with_limit,112.22305560720133,113.18918668690158,86.54006097493574,87.33418560590775,0.005237884018530425,-0.01196370672919711
xgboost,XYA,59,no_limit,108.63763232730008,110.34258930176316,83.05414352353543,84.20774724314003,0.06778595394920761,0.03829604896514838
xgboost,XYA,59,with_limit,112.59991904628248,113.12509764335137,86.6065671485766,87.4105528751005,-0.0014544830757750038,-0.010818059747949249
xgboost,XYA,60,no_limit,108.00232655418985,110.5586525646627,82.58187868564416,84.51075857526523,0.0786571273971719,0.034526111500546075
xgboost,XYA,60,with_limit,111.8926178290109,112.47316680645656,86.30428966752226,87.10249481381548,0.011087360263986157,0.0007988960467464334
xgboost,XYA,61,no_limit,107.50417917479189,109.93068840639194,82.43201955912026,84.24769682534762,0.08713668693128118,0.04546259027685695
xgboost,XYA,61,with_limit,110.18860008752135,110.92954906216241,85.35695516505106,85.96579248169029,0.04097839857027252,0.028037401158715225
xgboost,XYA,62,no_limit,107.4571595560227,109.991491429018,82.27815807905436,84.57083360491927,0.08793503911985012,0.04440638274689168
xgboost,XYA,62,with_limit,109.61974660158104,111.68133581697391,84.88275388070181,86.27033913803294,0.050854821110410287,0.014818476589925522
xgboost,XYA,63,no_limit,107.12048484179695,109.54553101227297,82.1971945039321,83.86710001118325,0.09366663090871896,0.05216609359765334
xgboost,XYA,63,with_limit,108.9141061073036,108.7031743225237,84.37825151744562,83.9794280045913,0.06306130913232677,0.06668689601282352
xgboost,XYA,64,no_limit,107.04644890795105,109.16141987719476,82.15430889582399,83.595664924499,0.09491901599766372,0.05880142156394541
xgboost,XYA,64,with_limit,108.42762786192303,108.21697518728497,83.46985242482862,83.35653371882994,0.07141252023985323,0.0750171259213337
xgboost,XYA,65,no_limit,106.60141104281637,108.83288600543085,81.9529970662261,83.3483632082828,0.10242898978605897,0.06445818754244637
xgboost,XYA,65,with_limit,106.5982576614797,108.355246113346,82.08783100590969,83.1219567247627,0.1024820911808978,0.07265187874275014
xgboost,XYA,66,no_limit,106.43136588024426,108.69190488456493,81.85473721388595,82.92298254150626,0.10529022539169053,0.06688040220953317
xgboost,XYA,66,with_limit,106.3147950991911,107.8455603803818,81.60073572047793,82.38981737538892,0.10724904457681206,0.08135555437409059
xgboost,XYA,67,no_limit,106.09172976896615,107.9488645596261,81.77744371553395,82.4389879904186,0.11099138111504425,0.07959479089109589
xgboost,XYA,67,with_limit,106.33111086910246,108.09407027219864,81.24147822608107,82.43449714631839,0.10697500864692533,0.07711698842225612
xgboost,XYA,68,no_limit,105.80122235259107,107.13117623449097,81.6510787749522,81.97944390469172,0.11571061222101597,0.09333930456873041
xgboost,XYA,68,with_limit,105.18967446178897,108.40111021926138,80.5280860642697,82.15493507646885,0.12590373448214676,0.0717167737757548
xgboost,XYA,69,no_limit,105.4444181849601,106.56644715543354,81.58819015015827,81.57514041375866,0.12166491227680998,0.10287281587361363
xgboost,XYA,69,with_limit,105.38306292681614,109.22250673746636,80.40649184171777,82.81631080874712,0.12268677380851523,0.057595563360993696
xgboost,XYA,70,no_limit,105.19743182321044,105.86473637485277,81.55296404053084,81.26031553344214,0.12577480679587094,0.1146485898193762
xgboost,XYA,70,with_limit,105.1492907836667,106.80064827612443,80.17657815329048,81.7167434315628,0.12657475939977048,0.0989252493559124
xgboost,XYA,71,no_limit,105.0107823796731,105.45744841969226,81.48498748266732,81.21889825253214,0.12887429098179815,0.12144781933414217
xgboost,XYA,71,with_limit,104.14900874786932,106.31967149265671,79.53765324066272,81.01811015889548,0.14311345339576698,0.1070229555507044
xgboost,XYA,72,no_limit,104.45288386040099,105.11309839951151,81.10479963795912,81.12124526934718,0.13810589042060728,0.12717592182875903
xgboost,XYA,72,with_limit,104.40133655589182,107.26940598485305,79.73911507020442,81.41622313482691,0.13895636680447054,0.09099809372636569
xgboost,XYA,73,no_limit,104.03930765421977,104.6483186523128,80.84160469753628,80.98550911805079,0.1448706709573424,0.13483009259496137
xgboost,XYA,73,with_limit,104.73919416330692,107.16763616784075,80.01069379153364,81.68079617345977,0.1333268310798723,0.09267224096903193
xgboost,XYA,74,no_limit,103.63005045887218,104.26980721412012,80.56309629054421,80.71599225492415,0.15158504667282546,0.14107738774340584
xgboost,XYA,74,with_limit,104.98651656428513,106.93344082057754,80.22900392774737,81.11567339971306,0.12922901913666762,0.0966335070001696
xgboost,XYA,75,no_limit,103.45247097390937,103.70657711522108,80.40030884001649,80.1799157562434,0.15449022724665473,0.15033154284744654
xgboost,XYA,75,with_limit,104.98459300669165,107.05489826488788,80.25096031495053,81.29727639773417,0.12926092728721483,0.09458021298388486
xgboost,XYA,76,no_limit,103.4472563401604,103.47565201512319,80.34030227471305,79.94873488718008,0.15457546276850898,0.15411127075369058
xgboost,XYA,76,with_limit,104.56052125411234,106.92408730872833,79.72577082583443,80.92103039476584,0.13628119670616567,0.09679153576244404
xgboost,XYA,77,no_limit,102.98451450605722,102.9876661849073,80.02605417560355,79.63488337068932,0.16212207780948762,0.16207079315671158
xgboost,XYA,77,with_limit,104.25969881646478,105.79989913895899,79.41030886343339,80.25363370842017,0.14124391553700444,0.11568416357304845
xgboost,XYA,78,no_limit,102.42462552841437,102.52880346511695,79.5269787360376,78.99564185975915,0.17111562632602395,0.1694286222840672
xgboost,XYA,78,with_limit,103.3662026163094,105.05365400176608,79.05627748331574,79.71054195906632,0.15580591226512475,0.12801802390834027
xgboost,XYA,79,no_limit,101.76142719903608,102.0021361791861,79.0816777851963,78.66987789209172,0.18181490944480705,0.17793962127665053
xgboost,XYA,79,with_limit,102.87933527421879,104.57445278538073,78.78726121855163,79.6182972365325,0.1637396965508291,0.13595495494082843
xgboost,XYA,80,no_limit,101.52950717866749,101.53953217641283,78.99217338598811,78.23728777661827,0.18554003945972575,0.18537919237993616
xgboost,XYA,80,with_limit,102.53548540949468,104.46038138563154,78.40186161660509,79.29334099205872,0.1693203597782118,0.13783895372252797
xgboost,XYA,81,no_limit,101.39246792187133,101.22679390614576,78.91473782726163,78.22505665487628,0.18773718718701238,0.19038947292871655
xgboost,XYA,81,with_limit,102.27540277397075,103.57245037480118,78.44665048315078,78.92614275517322,0.17352907539071405,0.15243369119329453
xgboost,XYA,82,no_limit,101.18920959009901,101.0483171501716,78.88469689423621,77.92686509730451,0.19099055902162032,0.19324186548533506
xgboost,XYA,82,with_limit,102.03036292632115,103.4378562875633,78.35341782115803,78.92973595642691,0.17748458568801173,0.1546351123350309
xgboost,XYA,83,no_limit,100.59736072705887,100.8687384832006,78.52184099156105,77.76492128116502,0.20034012989490635,0.19601988512064472
xgboost,XYA,83,with_limit,101.98214917092226,104.01024660457568,78.21434946367327,79.69047052538944,0.17817291786158906,0.14516089533638854
xgboost,XYA,84,no_limit,100.34451810508527,100.47054628846149,78.36406910146204,77.77691254024093,0.2043548278110422,0.20235498392944007
xgboost,XYA,84,with_limit,101.61469679123263,103.44924658376641,78.1615464280297,79.58565818743564,0.1840845069484075,0.1543575169580833
xgboost,XYA,85,no_limit,99.96386615950188,100.1669549335422,78.06110000261715,77.60140514321121,0.21037985915202173,0.207168180952637
xgboost,XYA,85,with_limit,101.43186049504169,103.166265524113,77.87856600723762,79.21736880327724,0.18701803451655974,0.15897762807904015
xgboost,XYA,86,no_limit,99.7010797063192,100.02992841457541,77.8797051960165,77.2028475689538,0.21452593198213155,0.20933585543797883
xgboost,XYA,86,with_limit,100.84084414425888,103.08408560843847,77.23661910723763,78.46214400228713,0.1964644905205305,0.1603169732510603
xgboost,XYA,87,no_limit,99.56072469040848,100.28935679775671,77.69253549783168,77.51877501548844,0.2167358905167185,0.20522935021506994
xgboost,XYA,87,with_limit,101.22396650758162,102.0116624597199,77.55033981614852,78.32811139073598,0.19034718290701957,0.1776971810812702
xgboost,XYA,88,no_limit,99.45624214402133,100.41448083261186,77.5359539623407,77.53889572595907,0.21823036273801755,0.20309344006831065
xgboost,XYA,88,with_limit,100.48593753257295,101.36887321695744,76.78161357557941,77.40164003794321,0.20195885123685897,0.1878730070130583
xgboost,XYA,89,no_limit,99.6895589820347,100.41510090031426,77.74304673025091,77.71469653282601,0.2145581152405367,0.20308359811043342
xgboost,XYA,89,with_limit,100.37283908459524,101.47775284107509,76.66691279528888,77.4749322644206,0.2037542551437045,0.18612746981253658
xgboost,XYA,90,no_limit,99.71516738693035,100.68365662989409,77.70091974345658,77.99988444665897,0.21415453240882054,0.1988152629184059
xgboost,XYA,90,with_limit,100.8908543242371,100.89014624954088,77.2650906097491,77.33590438888413,0.19551434108221033,0.19552563316499527
xgboost,XYA,91,no_limit,99.92471881011079,101.05978777569243,77.9871545806966,78.23413123206669,0.210848153394537,0.1928179952059842
xgboost,XYA,91,with_limit,100.9205963094185,100.96003297766829,77.27823313500497,77.4418084202476,0.1950399566105827,0.19441072638760304
xgboost,XYA,92,no_limit,100.2827500866611,101.44598751539971,78.22548448016838,78.5969213628029,0.20518294422291605,0.18663691900544377
xgboost,XYA,92,with_limit,100.94665807355308,101.10100379099981,77.51811747835258,77.79069580948499,0.19462415669805933,0.19215946205956724
xgboost,XYA,93,no_limit,100.59466022499379,101.76870555285964,78.64619006536658,79.00479083518165,0.20024125210233668,0.18146426526836534
xgboost,XYA,93,with_limit,100.86342516866183,101.50833483462701,77.52973898214333,78.10101711985799,0.19596201385923495,0.18564728210956194
xgboost,XYA,94,no_limit,100.93630087722916,102.25970239475477,79.02499381899933,79.56060565387384,0.19479972919976685,0.17354694009065386
xgboost,XYA,94,with_limit,100.94390550543118,101.4999490588471,77.80279502953435,78.25071646001652,0.19467839565970646,0.18578182667149057
xgboost,XYA,95,no_limit,101.22896882227596,102.45958432939403,79.38508610020807,79.9037924600165,0.19012355317677343,0.17031292943110332
xgboost,XYA,95,with_limit,101.44613386104923,101.65324505633568,78.13571762844452,78.3386817242173,0.18664499353021868,0.1833205319872948
xgboost,XYB,1,no_limit,30.000543176431812,30.329690144089525,19.41779249488612,19.443579299665245,0.9868886784690926,0.9865994020083881
xgboost,XYB,1,with_limit,32.10421876933525,38.698468110922626,22.486707918668202,23.771226425963246,0.9849854457219631,0.9781839671281355
xgboost,XYB,2,no_limit,48.74073129821188,49.27746946316453,32.201551322714145,32.06847733042665,0.9653923337475152,0.9646259303254622
xgboost,XYB,2,with_limit,50.19492057504159,49.68606608366693,34.939093833596985,33.744460936760746,0.9632964750975053,0.9640368721273471
xgboost,XYB,3,no_limit,63.66807428588769,64.77392249879266,42.393169233151674,42.327441510311886,0.9409262790747238,0.9388563595201653
xgboost,XYB,3,with_limit,65.18991409649726,65.50851605475776,45.84180983427774,44.7390519556172,0.9380684833221415,0.9374616495950373
xgboost,XYB,4,no_limit,76.2097318070003,78.13021215637967,51.0958633339002,51.473539919077474,0.915360758080924,0.9110412021244019
xgboost,XYB,4,with_limit,78.5976166964734,79.22311363191677,56.686823387987516,54.50778994921537,0.9099736479028816,0.9085350476464762
xgboost,XYB,5,no_limit,87.14557594695061,89.60854242216607,58.99925840226855,59.91002443063361,0.8893270242414912,0.8829827939320609
xgboost,XYB,5,with_limit,90.72454160935148,92.46273175189975,67.56213695604399,66.37989936336507,0.8800499416699475,0.8754096692316378
xgboost,XYB,6,no_limit,96.89287155494702,100.34767534492174,66.2298615085719,67.73901227761327,0.8631847361371696,0.8532542505884637
xgboost,XYB,6,with_limit,99.75776417512154,102.55226894469774,74.19658220817794,73.70588993394945,0.8549745197822703,0.8467355449785835
xgboost,XYB,7,no_limit,106.09678934666196,110.28987908043129,73.00806977597176,75.36634013092909,0.8359578768186391,0.8227353165473814
xgboost,XYB,7,with_limit,108.94597604188986,112.86327649719759,81.03060062098162,80.96413524813198,0.827029003890688,0.8143665627481224
xgboost,XYB,8,no_limit,114.67353403391941,119.28374601706875,79.5417596587225,81.88410345543842,0.8082711215169733,0.7925451097242668
xgboost,XYB,8,with_limit,116.4192992900811,120.71111361626797,85.84254707606239,86.46493476184236,0.8023890071896358,0.7875505304338558
xgboost,XYB,9,no_limit,123.08116178212654,128.2949797483493,86.35852626552052,88.68228402785222,0.7791261445637402,0.760017008263761
xgboost,XYB,9,with_limit,123.77184085658587,129.6162755429026,91.37347995248277,93.69965479369787,0.7766402892316849,0.7550484374258011
xgboost,XYB,10,no_limit,131.04285236451432,136.75192518804474,92.51186412788506,94.94980632965847,0.7496268153687762,0.727335852719625
xgboost,XYB,10,with_limit,131.61184676342992,136.90357877548095,97.13432363064368,98.62584882916585,0.7474478300481622,0.7267307654531203
xgboost,XYB,11,no_limit,138.53314028138024,144.28035084692272,98.45540456151396,101.67643931520854,0.7201866081254527,0.6964882438969934
xgboost,XYB,11,with_limit,138.5080823552839,143.85534116539873,101.18500734844336,102.19266054345155,0.7202878244720226,0.6982737322431686
xgboost,XYB,12,no_limit,145.72489368786586,151.3666587593488,104.4243438987225,107.18898525084073,0.6903802665705232,0.6659422227614868
xgboost,XYB,12,with_limit,145.11351592779263,149.75190717556228,105.68194092621019,106.11794735166173,0.6929727890791455,0.673031539669541
xgboost,XYB,13,no_limit,152.28718446776463,158.5269376500949,109.43443711261827,113.26700237378778,0.6616789613213401,0.6333865186175518
xgboost,XYB,13,with_limit,151.4387937762031,156.24783439099812,110.09228562559463,111.58098370953023,0.6654380288286177,0.6438521687213681
xgboost,XYB,14,no_limit,158.73823068899046,165.0002421192022,114.41877593472734,117.46752423252627,0.632408583876263,0.6028345571932097
xgboost,XYB,14,with_limit,157.33737790703242,162.717378785128,114.1063062172503,115.97809020164586,0.638867888558253,0.6137485081248945
xgboost,XYB,15,no_limit,165.0458412625812,171.9400301117641,119.6550202862385,123.85814601209263,0.6026150071341678,0.5687230101427438
xgboost,XYB,15,with_limit,163.6003254286947,169.20500698211896,118.9130008613699,121.39723159093627,0.6095453339452888,0.5823343961941092
xgboost,XYB,16,no_limit,171.04853213183242,178.50228054699073,124.30592288150788,128.97889087575888,0.5731837027032031,0.5351746245285431
xgboost,XYB,16,with_limit,170.15110581537334,176.08943265963788,124.83540972891261,126.03746128673129,0.5776506379111781,0.5476559531036478
xgboost,XYB,17,no_limit,176.98664141945665,184.82985236048282,128.34221546560775,133.53454581596912,0.5430346539301072,0.5016361595239406
xgboost,XYB,17,with_limit,176.26107845406207,182.24332200431476,129.66652470312417,132.4390685896222,0.546773665121669,0.5154868848858478
xgboost,XYB,18,no_limit,182.72261023225388,191.50222264754262,131.5311675585968,139.2488181458462,0.5126762193320673,0.46472043806035424
xgboost,XYB,18,with_limit,182.0627458751063,188.55092959626526,133.42194902724614,137.03553976168584,0.5161895990491028,0.4810919842574013
xgboost,XYB,19,no_limit,188.98729897261222,197.17454007703301,136.95547304988827,143.4791747823891,0.47868735447178534,0.4325407279880159
xgboost,XYB,19,with_limit,187.39789623454948,193.99537918766086,137.27683517404205,142.52767123917516,0.48741906868535834,0.4506921636674286
xgboost,XYB,20,no_limit,193.7858738022216,202.55685670232202,140.21110422356557,148.37863017180743,0.4518779734379391,0.40113777224445646
xgboost,XYB,20,with_limit,192.35027876133393,199.06404793606558,141.37747170752874,146.69276127729543,0.45996903374167153,0.42161278316268136
xgboost,XYB,21,no_limit,198.68828987822423,207.29541613991006,143.62102571206376,152.053768629908,0.423794277384522,0.3727907983373392
xgboost,XYB,21,with_limit,196.96947952744924,203.6339652461745,144.6980615223168,150.2415220590897,0.433720423920374,0.39475186508172344
xgboost,XYB,22,no_limit,203.4564847988319,212.28940495699268,147.93497417230037,155.9438776003319,0.39580643275095895,0.34220637066840165
xgboost,XYB,22,with_limit,201.76005549992328,208.11820107093308,148.70135305550772,154.23850477023004,0.4058400135514679,0.3678019525284204
xgboost,XYB,23,no_limit,207.7706862605982,216.55891836664728,151.43115185529587,160.0214331537837,0.36953216850710247,0.3150694600634164
xgboost,XYB,23,with_limit,205.95901464623327,211.98506666794694,152.75630198047668,157.13274935299475,0.38047905368726287,0.3436961982937785
xgboost,XYB,24,no_limit,212.37703758559002,220.20196667026696,155.8853717724556,163.1093154687081,0.3412668777447342,0.2918312297924104
xgboost,XYB,24,with_limit,210.0351542140016,216.2456746500566,156.2426822128238,160.41577848810323,0.3557144904563536,0.31704947566811725
xgboost,XYB,25,no_limit,216.25091525496154,224.28734057841845,158.8752111284714,166.64838048908942,0.31701637334371746,0.26531037530486357
xgboost,XYB,25,with_limit,213.5726361894309,221.27344812450806,159.11917166154174,163.97355470736687,0.333829187746709,0.28492270110053997
xgboost,XYB,26,no_limit,219.75451842852326,227.6473089418691,161.4614082754142,169.58049942465811,0.294706289798921,0.24313325196970503
xgboost,XYB,26,with_limit,217.08554474962276,224.8236927578081,162.09476323958253,167.35458705417818,0.31173419156103344,0.2617923564878447
xgboost,XYB,27,no_limit,223.3213885613513,230.69944401691336,164.8400005288659,171.31982328428992,0.2716250136865853,0.2227021264114889
xgboost,XYB,27,with_limit,220.57996225820827,228.83542298969164,164.33531086565088,170.4286941580572,0.2893978780238391,0.2352123093323215
xgboost,XYB,28,no_limit,226.3620417562676,234.35543158642253,167.39871583749093,174.5786483764584,0.25116848200736164,0.19734861903950585
xgboost,XYB,28,with_limit,224.0259095459188,232.1566828906912,166.56603490154882,172.5280274353206,0.26654510943227594,0.2123390953068085
xgboost,XYB,29,no_limit,229.05299186709635,238.12135019859184,169.47843991641236,177.7977944991154,0.23325871568711964,0.17134532830620386
xgboost,XYB,29,with_limit,226.52140044983477,234.08856685489846,169.73186200332455,175.0010582367017,0.2501137573142588,0.19917556529392755
xgboost,XYB,30,no_limit,231.82826390930742,241.0369937596377,172.4082421147024,180.90233446984877,0.21456603804900853,0.1509284003800243
xgboost,XYB,30,with_limit,229.20613966667594,237.6913854930136,171.65823047392635,178.58677688188425,0.23223306659663023,0.17433515337999128
xgboost,XYB,31,no_limit,234.23855052772868,243.9842017263289,174.60401580164748,182.60602819888524,0.19814903871167133,0.13003792078389653
xgboost,XYB,31,with_limit,231.42127993443938,240.83096021235616,174.72695040704045,181.2575452590628,0.21732134012655902,0.15237931846885122
xgboost,XYB,32,no_limit,236.0263318221394,246.21453950729557,176.28257778619206,184.81631777961528,0.18586237851027354,0.11406001914898523
xgboost,XYB,32,with_limit,234.18861394611795,241.92938478958868,176.72693939309767,182.33150515350542,0.19849089044953472,0.14462972820843745
xgboost,XYB,33,no_limit,237.87121923511816,248.19412758598108,178.2501696861217,185.6490774762533,0.17246631241324284,0.09908277944407673
xgboost,XYB,33,with_limit,237.65664992123416,248.9200127082315,179.14858394335855,185.68362438217434,0.17395857576087836,0.09380530794048403
xgboost,XYB,34,no_limit,239.53015996513437,250.1904538804916,180.12172365816116,187.05208739960855,0.16088343595086751,0.08453160623910894
xgboost,XYB,34,with_limit,239.27328590904278,248.00887690119373,180.4838463487862,186.9389689137533,0.16268222152394718,0.10042715651479617
xgboost,XYB,35,no_limit,241.12025635558288,251.8745529103736,181.63648006572697,188.27584140059543,0.14970567906424603,0.07216559993799754
xgboost,XYB,35,with_limit,240.41733255451476,251.34888823166685,181.65579442052962,189.45395308809537,0.154656079471579,0.07603435776007472
xgboost,XYB,36,no_limit,243.04630724282342,253.36507832456337,183.39716057855594,189.70539720914803,0.13606724726933606,0.061151762048541225
xgboost,XYB,36,with_limit,242.70590051263338,251.48987367739554,183.34083386029934,190.2901130160559,0.13848557305242093,0.07499753406180842
xgboost,XYB,37,no_limit,244.18477800632988,254.85911120576873,184.09723549105593,190.98668432954275,0.12795467169366948,0.050046792481681424
xgboost,XYB,37,with_limit,243.9494270276699,255.300455872707,184.17066266283226,192.14792163118753,0.12963485681544895,0.04675383742341688
xgboost,XYB,38,no_limit,245.6589945274571,255.73009974430812,185.13335735893716,191.73511878210263,0.11677661596614453,0.04287443836414928
xgboost,XYB,38,with_limit,244.48660289744907,256.13257614122153,184.62613644544587,193.07571062974992,0.12518675226443143,0.03985935657207618
xgboost,XYB,39,no_limit,247.37267536311137,256.24048845237223,186.3807113645311,192.06322591800262,0.10441116453553523,0.03905014421947939
xgboost,XYB,39,with_limit,247.09005347529074,259.3295876890498,185.404299309151,195.05987570345837,0.10645640592629357,0.01574108303510846
xgboost,XYB,40,no_limit,248.75627118089528,257.33870966542895,186.91898730102335,192.29266253925965,0.09436479783785423,0.0307954218362404
xgboost,XYB,40,with_limit,245.48685427493749,259.5722774756399,184.96174130085882,195.24447678045738,0.11801398183479028,0.013898012524452996
xgboost,XYB,41,no_limit,249.4253944452473,258.0698100090088,187.58581910161567,193.2203411058934,0.08948615427848305,0.025280570622300602
xgboost,XYB,41,with_limit,247.39801415545597,261.66821060205314,185.78429709421192,196.68697439217175,0.10422768184697573,-0.0020909683655983002
xgboost,XYB,42,no_limit,250.4172418587965,259.72465411324566,187.77820465130307,193.90435848463642,0.08223038636876057,0.012739930391260423
xgboost,XYB,42,with_limit,247.7991728453501,261.3618075123493,186.19846380382035,196.37398960441266,0.10132031661754615,0.00025447512661413985
xgboost,XYB,43,no_limit,251.0079957536768,260.9237637790204,187.82911296998356,195.04495212864052,0.07718938071698134,0.0028402486375675995
xgboost,XYB,43,with_limit,247.6117437957369,264.18022484608406,186.7280920297268,197.97175335806782,0.10199253078535431,-0.022205192125599682
xgboost,XYB,44,no_limit,251.4733303729255,259.6826377515351,188.29679365875904,195.18650012864055,0.07376467891818872,0.012303989913979407
xgboost,XYB,44,with_limit,249.39720151601412,265.55945856474915,190.7712362283772,199.35402821553984,0.08899528752197738,-0.03290652430645902
xgboost,XYB,45,no_limit,252.0318697764692,261.51593300635915,188.493699276106,195.96946712567808,0.06964564613238877,-0.0016910165069183858
xgboost,XYB,45,with_limit,251.04822139481828,265.5625068308226,194.76897195500658,205.0199237797268,0.076893584377009,-0.032930237203019574
xgboost,XYB,46,no_limit,252.5089274111245,262.781925559753,188.96212038407177,197.09228640579659,0.06612027688943556,-0.011412817050119317
xgboost,XYB,46,with_limit,251.87184606639403,267.6218549057956,195.80984248045095,204.53405941139235,0.070826699079376,-0.04901240661817985
xgboost,XYB,47,no_limit,252.64573008135932,261.6926371237469,189.2525084594503,196.82179002824554,0.06510810002218836,-0.0030451422355226576
xgboost,XYB,47,with_limit,251.00916588174547,267.9899970625887,195.20924106774527,204.36911480573076,0.07718077693429037,-0.05190044660755122
xgboost,XYB,48,no_limit,252.7587592594397,262.2410565427497,189.4074682192328,197.02958238913732,0.06363366508131629,-0.007940122842570618
xgboost,XYB,48,with_limit,249.63791451611965,266.7201460639497,194.12837693549886,203.2109111533783,0.08661378447192947,-0.04266549615698567
xgboost,XYB,49,no_limit,252.90228714704537,263.28212156454447,189.77225983925254,197.40462060777412,0.06256994060214993,-0.01595880670765526
xgboost,XYB,49,with_limit,249.8778298596911,258.2077803697701,194.2618973623016,197.5798615843958,0.08485731515899009,0.02282575877064097
xgboost,XYB,50,no_limit,252.6106920119098,261.77716916544205,189.79086129233127,196.72062389094827,0.06473039919096546,-0.004377315743296917
xgboost,XYB,50,with_limit,249.30127528964826,265.99850507461656,193.93787977487983,203.37198125907474,0.08907554440637977,-0.03703103412192643
xgboost,XYB,51,no_limit,252.06368344567412,261.563878225691,189.6195929100461,196.68234868317745,0.06877651904462012,-0.002741288360056382
xgboost,XYB,51,with_limit,249.1588106992632,262.38999981065854,193.24249669997036,199.94015072894632,0.09011635255399708,-0.009085393767908734
xgboost,XYB,52,no_limit,251.8786074724118,261.27202433125285,189.47983706085282,197.02351106447483,0.07014350549337744,-0.0005048122842854497
xgboost,XYB,52,with_limit,249.4961121693179,261.70771162308694,194.29350299852157,198.37948728146526,0.0876511551237652,-0.0038444020043049143
xgboost,XYB,53,no_limit,251.1411243169098,260.83019238301614,189.02137733376483,196.60244900257246,0.0749680939604187,0.0022154666964020464
xgboost,XYB,53,with_limit,248.43575145716468,263.7355275224963,192.9676663911759,199.2064156264196,0.09479023221104466,-0.02013657440412575
xgboost,XYB,54,no_limit,250.82590400965313,260.3674109610452,188.72673797753953,196.33426284710472,0.0772887481206207,0.00575299049647271
xgboost,XYB,54,with_limit,247.9857441360053,264.2284854212846,192.6613006468083,198.90274414288865,0.0980665890962622,-0.023953688972568665
xgboost,XYB,55,no_limit,250.5646395483039,259.2386003930328,188.40056163511528,195.65722387312582,0.07920996998976282,0.014355324040045359
xgboost,XYB,55,with_limit,247.02603426495097,262.7871074791799,191.29515935962124,198.9561288204249,0.10503408205865483,-0.01281273497940627
xgboost,XYB,56,no_limit,250.311831392448,259.0660381084473,188.24747111769105,195.4069659801746,0.08106710191444255,0.01566707690560487
xgboost,XYB,56,with_limit,246.64934779304477,263.25086116818625,191.42506688096506,197.23931093241436,0.10776144251024666,-0.016390612862740905
xgboost,XYB,57,no_limit,250.11547888427938,259.60641239411905,188.23224460171608,195.48654024598483,0.08250821645548423,0.011556442058561545
xgboost,XYB,57,with_limit,246.71465403693912,263.85985517856426,192.1728307519137,199.7592094534947,0.10728889747104031,-0.021098606976103662
xgboost,XYB,58,no_limit,250.31842011301094,258.5159532867224,188.5590363065272,195.1544427538089,0.0804612035443989,0.019248147277091565
xgboost,XYB,58,with_limit,243.29453996098056,261.9047371266692,189.43376127216146,198.33449585034927,0.13134131870603338,-0.006632960489271866
xgboost,XYB,59,no_limit,249.31590371182762,258.2930027471545,188.23210489885008,194.4234586615519,0.08781189496222908,0.020939067032268333
xgboost,XYB,59,with_limit,243.3007228983277,253.4324154854072,188.536026681486,193.36524937852062,0.13129716703333882,0.05744052176313308
xgboost,XYB,60,no_limit,248.92936525117895,257.6064046821153,188.01420857604944,194.1237245172356,0.09063820847927873,0.026137255763003964
xgboost,XYB,60,with_limit,240.4661828094276,257.4284772034182,185.82012033170017,195.68204160784518,0.1514206521993553,0.027482075602605183
xgboost,XYB,61,no_limit,247.78035207021657,256.32344982147015,187.6388912981252,193.40930139730148,0.09901373477126585,0.035813340489458834
xgboost,XYB,61,with_limit,240.04789070580404,253.609291133692,186.05020615591766,193.9943268674827,0.1543703003718595,0.056124399706491856
xgboost,XYB,62,no_limit,247.12799869151644,256.25578413278305,187.36089131987154,193.67065298609884,0.10375170292304658,0.03632233600168733
xgboost,XYB,62,with_limit,240.42754701959626,257.70190502663735,186.89791233453377,196.5931512734135,0.15169331340370407,0.025415057360676285
xgboost,XYB,63,no_limit,246.42314742151115,253.80849682412088,187.21079618879696,192.35281461298948,0.10837124391276831,0.054125799183190715
xgboost,XYB,63,with_limit,239.1924791403059,253.36039830123713,185.95957548378706,193.8588787580125,0.15992878035614633,0.05746272989125545
xgboost,XYB,64,no_limit,245.27417759521,252.9245252634769,186.4401467049473,191.77211719077454,0.11666645678165988,0.060702961588799176
xgboost,XYB,64,with_limit,237.50264327718773,255.72424442872537,183.98791878240277,196.27760974153264,0.17175664367029297,0.03979298557543376
xgboost,XYB,65,no_limit,245.07705939456162,251.636851182306,186.15741898599538,191.03032229327948,0.118085694247413,0.07024280009520856
xgboost,XYB,65,with_limit,236.23126415822477,253.1788620144503,184.5562400485201,194.8088900727785,0.18060027461690586,0.05881292840573049
xgboost,XYB,66,no_limit,244.086280530567,250.66016679538276,185.52108052399802,190.2149400955208,0.12520195250830402,0.07744617321818847
xgboost,XYB,66,with_limit,234.50622442285794,251.21410921519228,183.06892488487475,193.1982749834575,0.19252364281384138,0.07336410154353279
xgboost,XYB,67,no_limit,243.61816292404248,249.38718684671827,185.23021166529665,189.25251613144692,0.128554174372008,0.08679277548412179
xgboost,XYB,67,with_limit,233.51348654611556,248.45526865192286,181.33008317884313,189.53732619637773,0.19934576985064068,0.09360502876982957
xgboost,XYB,68,no_limit,242.47026589339424,249.19680706673574,184.6283145320178,188.76842065836135,0.13624815617516117,0.08765949423708785
xgboost,XYB,68,with_limit,232.31990997753854,244.57835863579334,180.77982199743155,186.05337505236068,0.20705170157299913,0.12116354763408477
xgboost,XYB,69,no_limit,241.75164582858972,247.4512770372724,184.69793917009892,187.57149655714144,0.14136044977097595,0.10039593556038306
xgboost,XYB,69,with_limit,231.14925138626734,242.25978439729028,179.3837115977613,184.40829469594792,0.21502289061400903,0.1377471017910521
xgboost,XYB,70,no_limit,241.55396253316044,245.88069797915756,185.16223164517308,187.11953454922852,0.1427641158894305,0.11177931146014453
xgboost,XYB,70,with_limit,230.8160249959705,240.16005036719397,179.0028852849153,182.63930349713485,0.2172845163195899,0.15262910700849153
xgboost,XYB,71,no_limit,240.56357880262436,243.404163374964,184.46849977160568,185.20005598477087,0.14977912824908124,0.12958169647949913
xgboost,XYB,71,with_limit,231.68277290441645,240.22939488310263,180.80792250794264,184.59749670023407,0.21139505707680195,0.15213969165716545
xgboost,XYB,72,no_limit,239.44887698983948,243.52400226695931,184.34134997586878,185.79973606884602,0.1576402265024992,0.12872439279266534
xgboost,XYB,72,with_limit,231.8428711453903,238.12021256898836,181.14791654577647,182.46089834711836,0.2103047914093651,0.16696253616865508
xgboost,XYB,73,no_limit,237.5204132055076,241.30970261317532,183.32109982094659,184.09494072124343,0.17077282165544794,0.14410356684346304
xgboost,XYB,73,with_limit,230.77033930832465,238.76630175193296,180.7747313328793,182.69540783931726,0.21723459230996545,0.1620507568554551
xgboost,XYB,74,no_limit,236.30249559651006,240.46637019628687,182.23354349914578,183.89998387823547,0.1792549650837072,0.1500755100556057
xgboost,XYB,74,with_limit,230.30882922187277,239.61426106060432,178.26541858812664,183.04969361009566,0.22036231575891618,0.15608836952778482
xgboost,XYB,75,no_limit,235.81278284154254,240.02067855030194,182.24246694614445,183.71949393991096,0.18265326041245133,0.15322317014464437
xgboost,XYB,75,with_limit,229.85829074351196,241.04302120417645,179.22406264828825,184.7737955075231,0.22340964318009093,0.14599429514047046
xgboost,XYB,76,no_limit,235.11584478492625,239.4955130619951,181.90512088562332,183.91263447816954,0.1874774117059813,0.15692461345543696
xgboost,XYB,76,with_limit,229.78120585040185,236.76648499192908,178.55895174964053,180.84803307084763,0.22393042793499163,0.1760286693454839
xgboost,XYB,77,no_limit,234.4050442771381,238.48260369218886,181.6217377045218,183.26012220541227,0.1923828102281272,0.16404084794077467
xgboost,XYB,77,with_limit,229.51677612789794,235.30188560171402,178.37467965059037,180.69626806919854,0.22571558508681866,0.1861910486242292
xgboost,XYB,78,no_limit,233.7470599307492,238.174754844451,181.2569595572369,183.57142838990762,0.1965590782136315,0.1658328412384782
xgboost,XYB,78,with_limit,227.68012755300367,234.63441271460022,174.9964047664336,180.16241560369846,0.23772463254556764,0.19044743971762879
xgboost,XYB,79,no_limit,233.88895708124932,236.4835930610015,181.91660151296935,182.61913430181787,0.19558331765144032,0.17763680624022782
xgboost,XYB,79,with_limit,227.43695340046906,231.0993315235677,175.16862055399008,177.4561294466546,0.23935206203104953,0.21465765950454796
xgboost,XYB,80,no_limit,232.2145158156927,236.50605347301183,180.51169784886505,183.11288860765757,0.20705993471999518,0.1774805882713344
xgboost,XYB,80,with_limit,226.1136745449044,232.26696194291497,175.46840129664469,180.48969106097329,0.24817755106197514,0.20670171997522868
xgboost,XYB,81,no_limit,232.07303467802802,234.82770736698257,180.5714484634081,181.52281542850875,0.20802586819223312,0.18911305202176187
xgboost,XYB,81,with_limit,227.00924207950112,230.71970765840416,176.87236321640384,178.9520640847278,0.2422102767506824,0.21723568361062795
xgboost,XYB,82,no_limit,231.5361546691742,234.99262809637455,180.39099218846917,181.74213395572747,0.211685950926764,0.18797367176054236
xgboost,XYB,82,with_limit,227.189513687183,231.78985117143637,178.88475426226327,181.7354808742362,0.24100625341038173,0.20995747716740787
xgboost,XYB,83,no_limit,230.8059414411962,234.19839724784546,179.6799230458251,181.32083790752804,0.2163492050597282,0.1931432303943842
xgboost,XYB,83,with_limit,227.45854060495245,230.37809285762094,178.01491153160725,180.35097948574585,0.2389150982694116,0.21925184370111306
xgboost,XYB,84,no_limit,230.41808746406616,233.64569293862593,179.51438680648752,181.01944092006934,0.21898073783931493,0.1969470736114809
xgboost,XYB,84,with_limit,225.94536708088808,230.28410547512638,174.90394211834982,178.8565580606634,0.24900768761028824,0.2198887576208921
xgboost,XYB,85,no_limit,230.25385001789883,233.46859829414396,179.6016050950528,180.78168841379866,0.2200937311407456,0.1981639800597118
xgboost,XYB,85,with_limit,225.7003365229141,229.10706727162133,173.7772518545248,178.43846741940925,0.25063565890204453,0.22784305484309897
xgboost,XYB,86,no_limit,229.7276040886476,231.80762442557653,179.48578789420134,179.70595442369967,0.22365461395047037,0.20953245657324526
xgboost,XYB,86,with_limit,226.07843703270606,229.53147912334194,174.80359760510234,176.81486308244556,0.24812283708022076,0.2249796242196176
xgboost,XYB,87,no_limit,229.62287565898126,231.57403071512996,179.79191940061386,179.63613424944225,0.22436229468988045,0.21112477012574438
xgboost,XYB,87,with_limit,226.31801657870474,230.45182510966245,175.25434789036635,179.55055676066337,0.24652843614933562,0.21875200857230137
xgboost,XYB,88,no_limit,227.98458572670975,229.69493386748985,178.7036577862694,178.25708114354904,0.23518541466120113,0.223667040273559
xgboost,XYB,88,with_limit,225.66033287861043,230.61799528891532,175.61565368557612,180.60651504615714,0.2507001586686747,0.21741489636917233
xgboost,XYB,89,no_limit,227.9338370229972,230.3518682178474,179.08309026992734,179.26441429838565,0.23552586775625206,0.21922001928576218
xgboost,XYB,89,with_limit,225.43988010331387,229.26174240430888,176.00854851472764,179.30848376091447,0.2521634600900404,0.2265925178456406
xgboost,XYB,90,no_limit,227.3977467576145,229.53151676456596,178.80875716101357,179.0409353961076,0.23911765735764956,0.22477129583055078
xgboost,XYB,90,with_limit,226.40432951531108,229.51264905114667,177.13775471611424,180.2310304786431,0.24575116698679633,0.22489873969588625
xgboost,XYB,91,no_limit,227.11874869334306,229.3671336120841,179.0285626380076,179.05125715807526,0.24098359029631533,0.2258812863695866
xgboost,XYB,91,with_limit,225.8903293650024,229.1816744308991,176.23443815384945,179.68106110657314,0.2491719844212834,0.2271326372359257
xgboost,XYB,92,no_limit,227.19820944320946,229.54624762956433,179.35178636270388,179.42159031027072,0.24045239184674527,0.2246717874406412
xgboost,XYB,92,with_limit,224.96279954873364,232.4351929818995,176.5450828844206,183.43380906695606,0.25532528540896826,0.20503325423905017
xgboost,XYB,93,no_limit,227.5948732541849,230.62418950249776,179.93635597820145,180.4309060643362,0.23771933216677188,0.21729218476821044
xgboost,XYB,93,with_limit,224.11982484300572,231.61627869745274,175.5972759386658,182.29640235958058,0.2608194947719821,0.21054366320653872
xgboost,XYB,94,no_limit,228.29325762434,231.66346241045105,180.84048651159182,181.69981993718957,0.2330339744657901,0.21022198222997956
xgboost,XYB,94,with_limit,222.78895266457803,231.95287593016377,174.42255519002973,181.9038748235832,0.2695722581228377,0.2082474351045135
xgboost,XYB,95,no_limit,228.60209768247947,232.2880492786657,181.33440854599075,182.2944740540984,0.2309574343550549,0.20595760712893607
xgboost,XYB,95,with_limit,223.72096627011314,231.58456989809528,173.92181352860305,180.4484162327642,0.2634481433837408,0.21075980517382875
